year,quarter,month,department,CapitaIncome,Profitability,NetProfit,LaborCost,LaborCostProfitRatio,ReturnOnHumanCapital
2008,Q1,1,A,25663.605,13198.15373,9442.50102,7200.174029,1.833032602,2.034774736
2008,Q1,1,B,24567.28699,13629.74702,9888.815719,7249.162922,1.88018219,2.166627254
2008,Q1,1,C,27851.51218,14167.73362,10142.16263,7184.425853,1.97200638,2.040241526
2008,Q1,1,D,25013.9221,12700.898,10016.10696,7279.334478,1.74478835,2.098042744
2008,Q1,1,E,23102.13195,11743.93241,9445.357478,6996.678971,1.678500966,1.724632214
2008,Q1,1,F,23638.90369,13777.96667,9864.35663,7605.79709,1.811508578,2.098027776
2008,Q1,2,A,24589.79367,12631.85097,9514.591932,8383.768756,1.506703171,1.772744277
2008,Q1,2,B,25466.83528,13821.23465,10573.07005,8144.516508,1.696998789,2.007281246
2008,Q1,2,C,25238.49543,13568.59725,9815.583272,7328.318329,1.851529456,2.07622998
2008,Q1,2,D,26364.40263,13020.79892,10602.51651,7901.998275,1.647785594,1.846374068
2008,Q1,2,E,25417.65939,14044.90727,10454.63139,7183.534416,1.955152778,2.103643016
2008,Q1,2,F,24525.73659,12460.72895,9931.965856,7548.241263,1.650812224,1.73882745
2008,Q1,3,A,24581.64353,15557.37054,10195.87224,8394.505191,1.853280233,2.159521596
2008,Q1,3,B,26337.96781,14927.84722,10373.56978,8187.372795,1.823276843,2.079200637
2008,Q1,3,C,25509.08635,14090.6879,10376.48886,7628.88232,1.847018647,1.8199294
2008,Q1,3,D,27771.08994,14049.7186,9289.179949,7627.31715,1.842026275,1.999364381
2008,Q1,3,E,27052.33683,13761.68061,10083.93802,8087.056314,1.701692196,2.058437261
2008,Q1,3,F,25911.14242,13469.31596,9608.521146,8106.887509,1.661465753,1.828369131
2008,Q2,4,A,26401.15057,13553.32538,10195.92843,8575.836056,1.580408638,1.78862237
2008,Q2,4,B,26486.98398,14690.32043,10272.43165,8653.266779,1.697661797,2.046834475
2008,Q2,4,C,28267.41021,13188.49753,11148.9732,8427.91776,1.564858356,1.972774976
2008,Q2,4,D,32298.9649,14077.25253,11122.84946,8372.352226,1.681397551,1.983990089
2008,Q2,4,E,25064.14945,14717.79923,11005.13083,8901.23659,1.653455571,2.035384121
2008,Q2,4,F,28958.93241,13839.24218,10690.99505,8532.291109,1.621984295,2.001887458
2008,Q2,5,A,28585.19715,15032.88575,10081.29161,7963.029412,1.887835015,2.180420999
2008,Q2,5,B,25581.09361,13078.1789,11006.83209,8145.690632,1.605533464,1.863019476
2008,Q2,5,C,24382.93947,15151.66342,11051.78707,7977.789398,1.899230809,2.120981521
2008,Q2,5,D,26340.55397,14421.24859,10663.75005,8423.871128,1.711950286,2.327501474
2008,Q2,5,E,26252.01849,14090.21737,10416.34025,8063.330212,1.747443922,2.005665669
2008,Q2,5,F,24790.02642,15152.90874,10136.15926,8229.239585,1.841349809,2.198316467
2008,Q2,6,A,25714.39537,14071.33091,10386.59242,8128.857451,1.73103428,2.032530035
2008,Q2,6,B,26971.31752,13323.2369,9498.353085,7807.118984,1.706549744,2.115588936
2008,Q2,6,C,26575.62061,13362.68801,9842.370174,8267.602608,1.616271202,2.071971666
2008,Q2,6,D,22826.11252,13508.30596,10859.96952,8198.294151,1.647697156,1.982424102
2008,Q2,6,E,24970.43133,11868.9149,11413.75419,7625.557708,1.55646516,1.834181728
2008,Q2,6,F,25133.745,13999.92626,9583.235818,6808.801636,2.056151289,2.116445169
2008,Q3,7,A,21593.25128,12344.54839,9559.239305,7229.902866,1.707429355,2.030278206
2008,Q3,7,B,22879.17617,12822.92365,9901.153794,7536.479003,1.701447539,1.908284576
2008,Q3,7,C,23186.82265,13236.89071,9590.862023,7869.655668,1.682016504,2.223532299
2008,Q3,7,D,23115.43203,12702.94688,8960.67895,7128.963479,1.781878517,2.186730581
2008,Q3,7,E,23971.08268,11503.67089,9084.274139,7237.285139,1.589500851,1.74634393
2008,Q3,7,F,22314.6987,12862.5862,9068.251859,6844.085303,1.879372573,1.885540842
2008,Q3,8,A,25003.36135,12123.31999,10008.38466,6762.753681,1.792660292,2.048981264
2008,Q3,8,B,22104.27595,13029.2603,8303.506822,7397.35451,1.761340528,2.039995783
2008,Q3,8,C,21822.8704,13726.74954,8996.608976,7439.329641,1.845159471,2.40742945
2008,Q3,8,D,23033.7635,11401.72968,10389.74381,7357.154159,1.549747285,1.841457676
2008,Q3,8,E,22516.64195,10985.83943,9542.134167,7210.171192,1.523658612,1.829134526
2008,Q3,8,F,21793.38777,12213.04626,8567.721037,7190.481739,1.698501812,2.033441538
2008,Q3,9,A,24730.59701,13484.03699,8791.437885,7716.550548,1.747417698,2.061155241
2008,Q3,9,B,23539.02208,13524.81112,8803.576474,6873.199508,1.96776059,2.290208089
2008,Q3,9,C,22526.53552,13203.27053,9745.380533,7401.548902,1.783852367,2.239824826
2008,Q3,9,D,24280.55398,12491.43014,9545.546138,7634.251458,1.636235092,1.983322961
2008,Q3,9,E,24192.69232,12662.33251,9618.193204,6998.673071,1.809247608,1.863896329
2008,Q3,9,F,22703.01729,11872.45796,9747.13762,7332.286359,1.619202713,1.950887893
2008,Q4,10,A,25026.35408,13309.72664,10265.73858,7964.549851,1.671121015,2.309262759
2008,Q4,10,B,25709.40657,13347.83553,9612.189483,7804.279321,1.710322629,2.114144065
2008,Q4,10,C,27463.91836,12876.59556,9928.911624,8426.325914,1.528138798,1.997403301
2008,Q4,10,D,25285.83617,12875.51724,9941.074807,7904.756391,1.62883163,1.880589198
2008,Q4,10,E,24542.57267,14027.34875,9911.526216,8074.58783,1.737221644,2.156842726
2008,Q4,10,F,25376.17687,12817.78883,9944.7914,7512.750086,1.706138056,2.074381243
2008,Q4,11,A,25528.95745,13085.97578,10804.15919,8109.492557,1.613661482,2.012369423
2008,Q4,11,B,27024.80763,14017.56155,10822.9529,8508.316556,1.647512931,2.008134536
2008,Q4,11,C,25751.4218,14182.14447,9976.378528,8138.788179,1.742537606,2.158708555
2008,Q4,11,D,25033.10201,13360.79398,10972.57365,7922.412632,1.6864552,1.89610044
2008,Q4,11,E,23609.11919,14221.40823,9893.742943,7974.771716,1.783299728,1.913849157
2008,Q4,11,F,26478.99438,13169.11872,10685.42194,8235.409232,1.599084921,2.145269909
2008,Q4,12,A,27568.74308,14555.11335,10592.79196,8305.867314,1.752389341,2.071382033
2008,Q4,12,B,26928.38348,13014.76968,10732.88928,7853.373227,1.657220319,1.913894839
2008,Q4,12,C,25652.40548,14302.58075,10990.99413,8306.179139,1.721920574,2.026337013
2008,Q4,12,D,26264.00989,14641.72271,9677.902694,7983.190991,1.834068949,2.131328136
2008,Q4,12,E,26299.56381,14009.50398,10087.08546,8099.320383,1.729713521,1.953563264
2008,Q4,12,F,25728.68613,13722.98944,10085.29089,7707.99374,1.780358146,2.103137513
2009,Q1,1,A,25021.45367,13643.67844,10831.71632,7956.903844,1.714696911,1.947062281
2009,Q1,1,B,24680.29525,13835.62031,11005.54908,8865.03972,1.560694678,1.940337902
2009,Q1,1,C,26227.54455,13426.9521,10256.15334,7919.183007,1.695497135,1.983873458
2009,Q1,1,D,25172.44479,13454.52096,10551.62882,8301.088731,1.620814015,1.962847816
2009,Q1,1,E,26070.23186,13844.07093,10197.48264,7570.546827,1.82867516,2.142544368
2009,Q1,1,F,24504.12507,14288.77297,10787.80324,8082.75392,1.76780997,2.091679191
2009,Q1,2,A,26116.12636,15499.43561,11387.99517,8396.841059,1.845865069,2.204632794
2009,Q1,2,B,27277.9779,13801.33428,10486.42185,8911.660158,1.548682741,1.977458778
2009,Q1,2,C,25059.59284,14011.12013,12141.39358,8957.462487,1.56418407,2.02300617
2009,Q1,2,D,29584.68965,14794.31141,10602.89303,8768.057009,1.687296444,2.147724017
2009,Q1,2,E,29418.07453,16547.18631,10507.03159,8525.26954,1.940957553,2.353722056
2009,Q1,2,F,26251.85486,14664.72683,11525.40756,7661.99459,1.913956824,2.017099502
2009,Q1,3,A,28129.18912,15948.29178,11950.60443,9150.436654,1.742899534,2.146828895
2009,Q1,3,B,29108.87578,13711.68253,10180.43234,8954.367157,1.531284377,1.887127054
2009,Q1,3,C,27441.20587,15478.54075,11033.98922,8928.405051,1.733628869,1.894182905
2009,Q1,3,D,29598.39935,15481.79872,12390.24484,9403.56109,1.646376151,2.012686569
2009,Q1,3,E,27923.58461,14661.64271,10347.93595,7872.604957,1.862362304,1.873125067
2009,Q1,3,F,30133.29942,15111.043,11392.60889,8543.977048,1.768619335,2.042324824
2009,Q2,4,A,32676.15595,16612.30352,12033.66576,8278.447321,2.006693148,2.330937978
2009,Q2,4,B,28970.38359,16315.73989,12922.3635,9281.731751,1.757833595,2.151207977
2009,Q2,4,C,29471.58435,13816.29497,12408.16606,8643.57932,1.598446021,1.791156172
2009,Q2,4,D,27412.24705,15643.42747,10774.72514,8761.833094,1.785405783,2.114997525
2009,Q2,4,E,26162.88234,14955.79907,10723.781,9784.282398,1.528553496,2.07368482
2009,Q2,4,F,25546.85316,15368.4261,10667.49783,8143.473219,1.887207791,1.970809099
2009,Q2,5,A,26677.44541,15739.92567,11293.93791,9240.454736,1.70337133,1.982983094
2009,Q2,5,B,29072.76709,14969.3415,12014.64404,8501.472051,1.760794061,1.985782493
2009,Q2,5,C,28904.16337,14711.50511,10716.3164,9164.739783,1.605228895,1.942556636
2009,Q2,5,D,26366.69857,14351.84168,12014.49391,8429.009781,1.702672325,2.065943777
2009,Q2,5,E,24629.11388,14703.04935,11699.46732,8895.935098,1.652782894,2.028826457
2009,Q2,5,F,30166.82658,15192.66763,11544.55813,8205.321243,1.851562807,2.271844567
2009,Q2,6,A,27525.29195,14737.4942,10798.8476,8933.548144,1.649679832,2.07292302
2009,Q2,6,B,31176.30136,15036.79101,10632.26458,8698.928915,1.728579594,2.019641898
2009,Q2,6,C,26545.74293,13642.92389,9712.973496,8152.335428,1.673498841,1.757203963
2009,Q2,6,D,24357.85252,14461.54114,10504.88789,8436.408504,1.714182182,2.121267409
2009,Q2,6,E,29236.80636,14493.24145,9914.928989,8238.874769,1.759128747,2.178135815
2009,Q2,6,F,27302.90788,15146.62341,10543.22972,8908.391303,1.700264716,2.259756025
2009,Q3,7,A,25752.21182,14309.53002,10480.11246,7870.76692,1.818060447,2.044996082
2009,Q3,7,B,28154.44482,13878.68204,9550.55549,7403.20217,1.874686348,2.093680856
2009,Q3,7,C,27354.49234,14070.80362,10227.82949,7414.311158,1.897789737,2.019280313
2009,Q3,7,D,25564.11932,13296.91049,10134.52872,8505.671368,1.563299346,1.778626389
2009,Q3,7,E,26006.66252,14134.0419,10020.62668,7271.460926,1.943769216,2.260304369
2009,Q3,7,F,26917.21361,12732.59852,8934.459602,7130.562694,1.785637273,1.899007022
2009,Q3,8,A,22036.83718,13977.60546,9860.701161,7273.276883,1.92177552,2.249501304
2009,Q3,8,B,23721.80244,14038.75747,10121.38376,7108.811365,1.974838935,2.081493241
2009,Q3,8,C,26544.20441,12440.76637,9995.673894,7809.720088,1.592984925,2.025500411
2009,Q3,8,D,25481.85488,13170.79964,9050.021719,7222.79639,1.823504212,1.989972656
2009,Q3,8,E,22791.54041,13139.7387,9473.016418,7794.470403,1.685776971,2.165657769
2009,Q3,8,F,24764.50247,13063.21163,9638.806988,7312.420902,1.786441427,2.042891793
2009,Q3,9,A,26746.98325,14253.65597,9339.645789,7445.300413,1.91445008,2.104189312
2009,Q3,9,B,24639.22961,14141.15534,10190.83757,7096.077132,1.992813083,2.104367086
2009,Q3,9,C,23562.08751,12573.2573,10589.78313,8257.343456,1.52267583,1.885737868
2009,Q3,9,D,22783.33099,11718.82312,11101.38839,8377.709474,1.39880992,1.711384975
2009,Q3,9,E,24521.72479,12733.40131,10298.10016,7400.925744,1.72051467,1.772649995
2009,Q3,9,F,26012.56878,13553.64268,10117.38706,7772.213626,1.743858742,2.45017878
2009,Q4,10,A,27262.36757,14916.64874,9330.655284,8437.708757,1.76785537,1.918198957
2009,Q4,10,B,27209.76935,14002.04038,10005.70959,8095.78394,1.729547192,1.977889574
2009,Q4,10,C,25525.17253,13570.8957,9803.049917,8016.594101,1.692850545,1.905415404
2009,Q4,10,D,28574.05319,13917.73002,10713.72473,8618.743886,1.614821162,2.048265463
2009,Q4,10,E,24544.44104,14301.27628,11097.59438,8373.435571,1.707934116,2.058258535
2009,Q4,10,F,26227.58836,13317.84123,9839.376363,7528.729856,1.768935994,2.117087577
2009,Q4,11,A,29013.34548,14729.67962,10178.06238,8312.662432,1.771956908,2.083230661
2009,Q4,11,B,26558.61921,13722.19657,10616.11742,8851.192873,1.550321721,1.998335979
2009,Q4,11,C,27105.30356,14924.02469,10333.38298,8624.466481,1.730428743,2.127146133
2009,Q4,11,D,27796.84076,15140.9146,10171.68845,8273.261308,1.830102306,2.039633064
2009,Q4,11,E,26224.90551,14255.17171,10809.94155,7213.045297,1.9763042,2.07911167
2009,Q4,11,F,26361.79078,15279.65716,10820.23111,7966.565359,1.917972987,1.982514479
2009,Q4,12,A,29382.58125,15365.16157,11064.14094,8698.063539,1.766503717,1.967769988
2009,Q4,12,B,28908.53995,15439.45707,10808.34927,8108.670413,1.904067656,2.144134363
2009,Q4,12,C,27591.33911,14770.21023,10982.58937,8119.327326,1.819142108,2.04849453
2009,Q4,12,D,28370.61913,15100.77227,11510.45982,9321.713439,1.619956714,2.069934757
2009,Q4,12,E,26537.74441,15637.54294,10333.6232,8210.382821,1.904605824,2.615758911
2009,Q4,12,F,25235.18234,13995.46484,10369.03105,8595.055821,1.628315758,1.864670327
2010,Q1,1,A,26937.3446,15167.57978,12055.48306,7820.076109,1.93956933,2.045818841
2010,Q1,1,B,25831.61597,14442.88827,10971.1834,8327.206448,1.734421785,2.001378081
2010,Q1,1,C,27697.86709,13899.24942,11319.3028,8690.208347,1.599414981,1.931826128
2010,Q1,1,D,28549.7073,15032.90746,11742.01026,8939.910041,1.681550194,2.034454873
2010,Q1,1,E,30095.11577,15013.95259,12436.07077,8933.9476,1.680550778,2.524716727
2010,Q1,1,F,31250.27347,13622.04707,11369.66876,8450.312239,1.612017009,1.891860694
2010,Q1,2,A,30991.12332,16289.32395,11728.12396,9351.991979,1.741802601,2.048691982
2010,Q1,2,B,31018.27701,16352.1571,11793.39117,8369.702481,1.953732183,2.020544948
2010,Q1,2,C,28341.24078,14968.52842,11048.79159,9669.741735,1.547976029,2.128390526
2010,Q1,2,D,28665.32305,14489.51443,11367.87556,9649.757011,1.501541895,1.768133224
2010,Q1,2,E,26727.11978,15246.95512,11405.37429,9342.906001,1.631928559,2.121741623
2010,Q1,2,F,27397.72357,15731.59285,11270.88878,8869.927344,1.773587566,2.130224379
2010,Q1,3,A,31281.12955,16312.2588,11862.37651,9975.664053,1.635205307,2.109542063
2010,Q1,3,B,25882.41757,17795.04561,12414.90665,9347.147135,1.903794319,2.216988108
2010,Q1,3,C,30718.32163,16224.52064,11700.26531,9814.25202,1.653159162,1.928599189
2010,Q1,3,D,30385.3517,16243.25278,12639.04889,8885.375018,1.8280886,2.180522468
2010,Q1,3,E,29672.45951,15288.42943,12044.45278,9154.13033,1.670112712,1.980591316
2010,Q1,3,F,27292.45509,16008.75736,11971.799,9310.482944,1.719433616,2.088028891
2010,Q2,4,A,32220.30166,17384.35116,13874.64659,9576.600391,1.815294619,2.339560237
2010,Q2,4,B,30302.20715,15984.27002,13036.77178,9239.55373,1.729982907,1.897760459
2010,Q2,4,C,29840.4396,17529.60328,11837.90502,10134.70184,1.72966147,2.272116703
2010,Q2,4,D,29023.12143,16409.10211,11383.62333,10220.38065,1.605527491,1.976468305
2010,Q2,4,E,28269.57441,16471.63213,12530.03927,10064.98211,1.636528705,2.00274403
2010,Q2,4,F,30231.61285,15972.804,12648.83772,10215.11624,1.563643881,1.986506547
2010,Q2,5,A,32820.06138,17625.38277,11598.6828,9344.996959,1.886076886,2.045740236
2010,Q2,5,B,31687.6287,17014.01111,11144.78572,9206.712434,1.84800071,2.019731339
2010,Q2,5,C,31825.11565,15197.18192,12261.13154,9174.090893,1.65653274,1.840425591
2010,Q2,5,D,29148.34098,15796.30908,12171.85433,9759.444426,1.618566426,2.058034555
2010,Q2,5,E,31255.0487,15513.29318,11974.71735,9196.111895,1.686940454,2.043811065
2010,Q2,5,F,29657.39566,15831.50339,11608.1498,9204.303889,1.720010941,2.135887058
2010,Q2,6,A,27840.93378,16082.34703,11755.90566,9118.070415,1.763788422,2.093923278
2010,Q2,6,B,29564.85439,15252.78686,11710.55913,8958.362696,1.702631092,1.983063681
2010,Q2,6,C,26684.64401,16788.54562,11616.50383,8922.990938,1.88149307,2.37745817
2010,Q2,6,D,28389.4737,15341.91455,10999.77058,8746.69126,1.754024933,1.964969881
2010,Q2,6,E,28884.55472,14544.59038,11633.78728,8863.376097,1.64097633,1.965066151
2010,Q2,6,F,27694.51546,15655.73114,11106.65569,8533.837329,1.834547641,2.345965837
2010,Q3,7,A,29069.17993,13367.23678,10320.21346,8012.596819,1.668277723,1.74834962
2010,Q3,7,B,28596.07669,13818.6775,11178.28246,8313.025447,1.662292217,1.748431116
2010,Q3,7,C,26151.89939,13980.79274,11128.69357,8733.478232,1.600827571,2.093773801
2010,Q3,7,D,28035.40819,14277.72861,11591.46557,8427.652027,1.694152602,2.04362135
2010,Q3,7,E,26090.49772,14096.17359,11417.35266,7631.02363,1.84721923,2.158538756
2010,Q3,7,F,26358.81502,13598.31462,11096.95402,8420.083945,1.614985636,1.93291782
2010,Q3,8,A,28746.8881,13734.61207,10259.45293,8149.002589,1.685434741,2.127640285
2010,Q3,8,B,29116.30074,14056.24417,10127.71553,8691.904477,1.617165054,2.11763445
2010,Q3,8,C,29271.63544,13914.57018,9835.279203,8184.823096,1.700045317,2.003266408
2010,Q3,8,D,24369.32061,13854.33173,10759.96861,8323.103034,1.664563285,2.218549417
2010,Q3,8,E,23667.32069,13985.5014,10357.4786,8019.49661,1.743937566,2.002180139
2010,Q3,8,F,23542.04062,13069.3114,10729.99985,7524.734994,1.736846734,1.864579719
2010,Q3,9,A,26535.09725,13849.97785,11934.11577,8593.51968,1.611676981,1.917104541
2010,Q3,9,B,26187.48344,14776.03959,10966.56964,7851.051297,1.882045987,2.023329741
2010,Q3,9,C,26574.91932,15289.84485,10551.14701,7746.068876,1.973884443,2.113705384
2010,Q3,9,D,27984.05972,13754.71645,10623.40477,7346.65433,1.872242225,1.852270895
2010,Q3,9,E,28211.61671,15128.10861,10842.04663,8167.785169,1.85216779,2.198636293
2010,Q3,9,F,25741.56851,15420.11906,10422.92755,8328.593675,1.851467326,2.21089285
2010,Q4,10,A,29335.01793,16183.64235,10981.37836,9170.352143,1.764778723,2.258189521
2010,Q4,10,B,28852.68536,14679.01796,11793.72922,9176.082687,1.599704195,1.841429355
2010,Q4,10,C,30009.87387,15208.66614,10442.588,8663.179952,1.755552375,2.140824068
2010,Q4,10,D,30002.22614,16503.29031,10758.65803,8420.45235,1.959905434,2.261289262
2010,Q4,10,E,28414.30626,15669.86005,10653.14409,8340.17482,1.878840718,2.439809935
2010,Q4,10,F,26645.92539,15802.43916,11943.48078,8383.059062,1.885044473,2.15463321
2010,Q4,11,A,30972.24357,16840.66343,10821.4952,9009.406058,1.869231259,2.041947313
2010,Q4,11,B,29815.03216,16511.7623,12952.44181,9592.662369,1.721290885,1.986784598
2010,Q4,11,C,26100.44479,16728.86303,12657.03395,9736.43699,1.718170934,2.206696587
2010,Q4,11,D,29204.90298,14979.20661,10848.54937,8548.744023,1.752211386,1.902228548
2010,Q4,11,E,27816.39364,16030.25258,12761.03666,8588.169586,1.86655054,2.321874838
2010,Q4,11,F,27611.91497,15032.51919,11011.5713,8968.178515,1.676206508,2.053305358
2010,Q4,12,A,30729.61551,17192.61921,12900.78891,9987.566563,1.721402215,2.076879359
2010,Q4,12,B,26687.62957,17772.34082,12118.75613,9135.972759,1.945314559,2.390107359
2010,Q4,12,C,29825.6776,16491.99209,13040.23677,9126.1978,1.807104388,2.111448586
2010,Q4,12,D,27940.5772,16159.39319,12581.14466,9472.544602,1.705918935,2.001165699
2010,Q4,12,E,29126.41341,17371.47541,11279.04358,9756.5429,1.780494955,2.097805502
2010,Q4,12,F,29643.676,17229.07733,12208.28909,8974.436301,1.919794932,2.411664868
2011,Q1,1,A,29654.94019,16290.49203,13427.0434,9592.384447,1.698273471,2.317167421
2011,Q1,1,B,30522.36399,17689.98111,12221.09691,9018.073182,1.961614277,2.242759161
2011,Q1,1,C,31517.98745,15936.5145,12263.11222,9728.609775,1.638108103,2.12144238
2011,Q1,1,D,29696.6355,16055.63284,11211.39463,9133.889265,1.757809009,2.238029264
2011,Q1,1,E,28638.9649,16756.91591,11499.04525,8772.41327,1.910183139,2.191146585
2011,Q1,1,F,31512.03655,16449.64233,12269.12831,9987.626933,1.647002079,1.9971312
2011,Q1,2,A,32011.67363,16672.9918,13468.71913,9993.746411,1.668342493,1.955763166
2011,Q1,2,B,31557.71292,15415.17779,12774.66742,11170.06937,1.380043157,1.830129278
2011,Q1,2,C,28916.90527,16490.31851,12281.72346,9886.055769,1.668038183,1.926485096
2011,Q1,2,D,34062.17566,15721.07493,13566.45965,9479.53688,1.658422255,1.885678577
2011,Q1,2,E,30489.16542,16639.74638,12321.5109,10017.17719,1.661121298,2.042987934
2011,Q1,2,F,31733.5087,16665.15352,12444.12707,9670.247765,1.723342971,2.07460128
2011,Q1,3,A,33213.04721,19570.70957,13826.11609,10116.32166,1.934567743,2.340098141
2011,Q1,3,B,34847.20789,17500.61315,13271.6231,10442.21878,1.675947759,1.989174034
2011,Q1,3,C,32705.23148,17265.39409,12490.43811,9700.285187,1.779885205,2.096388252
2011,Q1,3,D,30075.23639,17066.25018,12102.00423,9945.08435,1.716048811,2.057558887
2011,Q1,3,E,29566.53792,17042.25688,12904.47821,9243.523903,1.843696956,1.998620942
2011,Q1,3,F,32824.02558,17990.58009,13375.88704,9723.713821,1.85017581,2.053258806
2011,Q2,4,A,35043.51992,17978.32979,14027.74598,9778.891632,1.838483385,2.05747105
2011,Q2,4,B,33157.29883,17756.41285,12958.47012,10683.46786,1.662045797,2.062708325
2011,Q2,4,C,32714.26745,15533.66385,14059.75907,9767.385745,1.590360436,1.7982649
2011,Q2,4,D,34200.89901,18254.91491,13201.02352,9988.833269,1.827532247,2.193963061
2011,Q2,4,E,32197.91363,17504.30246,12672.06683,9774.159165,1.790875528,2.056266486
2011,Q2,4,F,31246.33489,17702.19419,12685.20694,9657.094255,1.833076671,2.139602038
2011,Q2,5,A,30648.62609,17536.3195,12653.97066,11065.44696,1.58478185,2.087813684
2011,Q2,5,B,33579.51056,15974.71524,11866.86025,10235.76834,1.560675731,1.800138221
2011,Q2,5,C,33593.20082,16419.43304,13962.6115,9407.915153,1.745278605,1.95741638
2011,Q2,5,D,32247.96954,17851.83906,13196.84064,10258.43612,1.740210579,2.120461894
2011,Q2,5,E,30842.25497,18211.47061,13174.32684,9001.796407,2.023092923,2.174342288
2011,Q2,5,F,30981.51989,16734.46411,13124.14042,10243.76461,1.633624429,2.237837659
2011,Q2,6,A,30529.70715,15790.34985,11500.73331,9979.521412,1.582275261,2.013891919
2011,Q2,6,B,29305.42267,17154.20502,12102.26553,9511.852353,1.803455771,2.065679631
2011,Q2,6,C,32330.95981,15834.71551,12495.25815,9535.412004,1.660622059,2.004457401
2011,Q2,6,D,30783.63133,17086.58497,12859.97888,9085.172964,1.880711026,2.161936081
2011,Q2,6,E,29519.24416,15652.76323,12901.3172,9313.239534,1.680700166,2.070650879
2011,Q2,6,F,31005.71076,16865.35603,12115.13921,9502.433964,1.774845907,1.997509462
2011,Q3,7,A,30533.3426,16205.1033,11450.43308,9653.634766,1.678653035,2.005166779
2011,Q3,7,B,28326.47883,16111.1118,11213.74542,8809.033047,1.828930793,2.203921636
2011,Q3,7,C,28568.33377,14649.84803,12383.94945,9047.323936,1.619246546,1.841275556
2011,Q3,7,D,28398.08734,14414.69938,11248.62378,8541.659383,1.687576001,1.938430632
2011,Q3,7,E,28644.72665,15984.22086,11370.79138,8370.2145,1.909654867,2.090526332
2011,Q3,7,F,29365.52509,15893.21995,10993.50331,8700.313658,1.826741032,2.415326665
2011,Q3,8,A,27190.44954,14646.07766,10538.6634,8888.244182,1.647803251,1.917495504
2011,Q3,8,B,29398.37491,14700.83162,10109.12288,9185.806019,1.600385594,1.930224913
2011,Q3,8,C,28174.65446,13720.10535,11431.07496,9021.895261,1.520756443,1.711463994
2011,Q3,8,D,26922.31761,15976.98746,10456.82814,8341.867175,1.915277134,2.234350234
2011,Q3,8,E,28209.4236,14383.27336,10738.22489,8443.500322,1.703472827,2.165577144
2011,Q3,8,F,26780.37244,13208.26596,10378.2074,8018.081314,1.647310054,1.826268707
2011,Q3,9,A,29179.48384,15458.48362,11903.21077,9241.079143,1.672800696,2.082074146
2011,Q3,9,B,28967.17864,17057.04443,11646.51046,9422.790772,1.810190297,2.235080893
2011,Q3,9,C,27760.18439,16002.93718,11536.19592,9151.395444,1.748688195,2.042002369
2011,Q3,9,D,28961.52882,16005.31066,11859.92687,8424.97705,1.899745313,2.180308618
2011,Q3,9,E,31229.30043,16921.64235,11882.28254,8613.342176,1.964584944,2.227979359
2011,Q3,9,F,25984.69351,14657.15958,11941.90184,9044.759208,1.620514073,2.064736393
2011,Q4,10,A,30139.38566,18354.66784,12485.10683,10248.85379,1.79089957,2.231011264
2011,Q4,10,B,28416.01549,15902.69179,12790.53903,9127.041807,1.742370871,1.854087667
2011,Q4,10,C,30899.89019,15649.48344,13034.85566,9646.023062,1.622376739,1.986430041
2011,Q4,10,D,28928.83852,16079.08877,11530.48957,9629.699496,1.669739412,2.225026188
2011,Q4,10,E,28577.8585,17021.51485,12436.42563,9975.705952,1.706296771,2.169622814
2011,Q4,10,F,32960.24637,17433.04474,12908.11087,8775.486884,1.98656154,2.239952663
2011,Q4,11,A,30652.98118,16278.89305,12710.85622,10285.57771,1.582691173,2.129882191
2011,Q4,11,B,29992.02726,18493.51752,12425.56425,9966.996845,1.855475406,2.282142179
2011,Q4,11,C,32309.87979,16261.8271,12736.75639,10052.27229,1.617726483,2.007633692
2011,Q4,11,D,31682.83476,16134.66775,12877.63271,9985.306743,1.615840972,2.041316139
2011,Q4,11,E,30312.0434,16420.13974,12310.51192,9209.48213,1.782960161,2.105458507
2011,Q4,11,F,33413.39249,17001.55509,12236.72732,9271.689662,1.833706229,2.009734497
2011,Q4,12,A,33322.90769,17101.53427,13092.05943,10313.13163,1.65822903,2.086245761
2011,Q4,12,B,33788.85563,16652.54806,14005.85357,8992.796453,1.85176526,1.96135323
2011,Q4,12,C,32943.7175,17113.04635,13190.38114,10228.43445,1.673085596,1.96889954
2011,Q4,12,D,33944.66637,17870.03599,12615.45463,10874.87085,1.643241215,2.056538408
2011,Q4,12,E,29012.62174,17264.97578,12035.83383,9923.485311,1.739809677,2.09067764
2011,Q4,12,F,31967.08815,17396.9191,12929.78014,9839.590822,1.768053104,2.143390208
2012,Q1,1,A,31476.76206,17760.30074,13785.92084,10133.31209,1.752664931,2.084751133
2012,Q1,1,B,35158.18867,15774.70162,11315.18534,10085.29098,1.564129548,1.761555059
2012,Q1,1,C,32861.07939,17390.96155,13114.79938,9783.619845,1.777559005,2.15112015
2012,Q1,1,D,31046.27198,17395.96355,13593.3431,9842.367651,1.767457198,2.146103336
2012,Q1,1,E,32035.78516,16340.87552,13021.08025,9888.61061,1.652494589,2.057219617
2012,Q1,1,F,30579.69094,16133.80846,12368.52752,9494.741711,1.699236161,2.052703616
2012,Q1,2,A,32671.30047,17556.2115,14545.79327,10471.54812,1.676563131,1.955845266
2012,Q1,2,B,33555.1404,16757.26416,12435.61466,10990.48415,1.52470664,1.856671991
2012,Q1,2,C,32377.5974,17516.9019,13316.4938,10850.19735,1.61443164,2.083512085
2012,Q1,2,D,33133.60563,17388.63139,12687.39542,10555.00865,1.647429382,2.108252811
2012,Q1,2,E,33036.85998,17260.95995,13129.99331,9561.852039,1.805190028,2.112425872
2012,Q1,2,F,32522.4897,18570.68441,13131.65438,10815.80581,1.716994992,2.20467598
2012,Q1,3,A,37990.70976,18184.51389,13607.22415,10099.05475,1.800615438,1.858173677
2012,Q1,3,B,33158.26155,18508.7649,13813.79804,10095.0332,1.833452603,2.071380129
2012,Q1,3,C,37195.69363,18888.16361,12905.50178,11147.73239,1.694350291,2.167534519
2012,Q1,3,D,35574.75032,18049.9735,13215.18684,10300.80505,1.752287652,2.305323804
2012,Q1,3,E,36252.59153,19331.83765,14635.18822,9960.352522,1.940878861,2.161300883
2012,Q1,3,F,36562.46459,18798.59048,14985.49879,10758.21279,1.747371134,2.006022234
2012,Q2,4,A,38372.20694,16843.89902,13515.12151,12024.14121,1.400840087,1.749178212
2012,Q2,4,B,36107.26751,17604.11041,14154.21006,9875.032131,1.782688925,1.808388832
2012,Q2,4,C,35889.31897,19338.63658,13468.73883,11603.14704,1.666671681,2.188089338
2012,Q2,4,D,36486.57299,17650.52391,13275.44015,11508.66392,1.533672721,1.875704512
2012,Q2,4,E,35516.45406,17974.14232,13449.23157,9874.952322,1.820175099,1.929486818
2012,Q2,4,F,34488.37535,18038.83028,14661.00681,9889.498212,1.824038985,1.999368151
2012,Q2,5,A,36641.84023,17531.71478,13945.47751,9613.278243,1.823697841,1.882106793
2012,Q2,5,B,31282.6706,19086.54685,14789.23435,11070.06898,1.724157897,2.108774757
2012,Q2,5,C,34364.14079,19009.06782,13435.9303,10630.01153,1.788245268,2.106656032
2012,Q2,5,D,33534.7683,18522.60963,12941.2968,10595.03225,1.748235324,1.949363837
2012,Q2,5,E,34472.31461,18540.32976,14444.23809,9853.918013,1.881518574,2.260608038
2012,Q2,5,F,32718.44076,17838.46012,13997.29154,10907.80787,1.635384518,1.890771618
2012,Q2,6,A,31568.9021,18111.64526,13024.68618,10251.43881,1.766741781,2.049559624
2012,Q2,6,B,32145.32826,18748.92882,13942.83649,10949.42202,1.712321324,2.154374875
2012,Q2,6,C,33527.50522,18288.48272,12425.87722,9780.818667,1.869831488,2.098352369
2012,Q2,6,D,36524.91892,16746.81638,13878.10855,9877.183202,1.695505291,1.822958325
2012,Q2,6,E,32250.30025,18683.02309,13265.50391,10064.69708,1.856292637,2.174007486
2012,Q2,6,F,30431.32661,17590.11046,13688.81071,10089.21427,1.743456923,2.169219461
2012,Q3,7,A,32084.51447,16803.59695,13096.81665,9590.697816,1.752072401,2.002879173
2012,Q3,7,B,31358.0903,15823.97186,12002.7123,9237.97506,1.712926454,1.84699143
2012,Q3,7,C,30694.37328,15811.15971,13145.57536,9907.840139,1.595823054,1.824469022
2012,Q3,7,D,32990.19952,17946.35455,12639.3844,8941.58316,2.007066783,2.14053568
2012,Q3,7,E,31722.16938,16454.65823,12695.28933,10011.24862,1.643616981,2.089998784
2012,Q3,7,F,30012.22257,16950.7751,11922.40035,9591.314855,1.767304625,2.071660463
2012,Q3,8,A,32404.13845,15770.11628,11304.81959,9303.069019,1.695152025,1.880134441
2012,Q3,8,B,30494.33088,16913.03507,12520.36486,8777.7489,1.926807802,2.299811107
2012,Q3,8,C,30496.91457,15041.02575,11774.06791,9416.353751,1.59733015,1.884852962
2012,Q3,8,D,30869.82054,16714.02596,11389.1947,8973.462827,1.862606028,2.074648498
2012,Q3,8,E,30844.85336,15042.68869,12542.81109,9392.091036,1.601633612,1.988303102
2012,Q3,8,F,30121.24668,17337.02927,11005.80023,8871.887338,1.954153452,2.153083576
2012,Q3,9,A,32886.32521,16462.94269,11281.43712,10845.25229,1.517986142,2.073888363
2012,Q3,9,B,32502.9002,17129.68483,12559.12136,9693.737299,1.767087791,2.084274547
2012,Q3,9,C,29687.06177,16271.25142,12110.07166,10547.49313,1.542665278,2.042510362
2012,Q3,9,D,30434.91723,15403.80486,12490.33708,9028.826453,1.706069437,1.916702155
2012,Q3,9,E,29747.82477,16638.9852,12328.40734,9699.19863,1.715501026,2.305787384
2012,Q3,9,F,30069.06462,16885.06699,12465.38853,9103.532964,1.854781771,2.183281535
2012,Q4,10,A,33645.5859,17968.19046,12742.15022,10001.12398,1.79661711,2.001449475
2012,Q4,10,B,33855.97606,18587.28921,14451.71148,8816.200067,2.108310731,2.085884549
2012,Q4,10,C,33195.69223,16917.4398,12849.05887,10135.53443,1.669121636,1.842433252
2012,Q4,10,D,32657.666,18112.8096,13934.97841,10231.47328,1.770303172,2.004842607
2012,Q4,10,E,33237.39132,17431.65777,13698.45735,9887.904396,1.762927418,2.070349835
2012,Q4,10,F,33927.22791,17347.14377,13005.9959,10560.40435,1.642659049,2.082763549
2012,Q4,11,A,34809.57132,17382.33538,13522.85409,10737.95835,1.618774707,1.81587118
2012,Q4,11,B,33009.2184,17586.1917,13542.42215,10666.76574,1.648690159,1.957533382
2012,Q4,11,C,30661.80215,18160.39219,12902.68196,10535.42494,1.723745581,1.926739834
2012,Q4,11,D,33161.96846,16378.3977,15328.23348,10409.01662,1.573481752,1.881358968
2012,Q4,11,E,31843.04239,17362.50644,14149.57447,9865.13169,1.759987295,1.950536676
2012,Q4,11,F,35955.86074,17924.12647,12425.56234,9634.975057,1.860318929,2.008344989
2012,Q4,12,A,33823.37465,17531.0701,13973.51224,11006.44186,1.592800864,1.775539635
2012,Q4,12,B,35995.55753,19826.64942,14078.64787,10962.80136,1.808538599,2.165109871
2012,Q4,12,C,32901.92005,18535.51701,13953.87764,11520.10477,1.608971219,2.061655199
2012,Q4,12,D,34119.7417,18931.88378,13431.80193,10714.6955,1.766908242,2.086225351
2012,Q4,12,E,38919.65461,17975.67235,13796.84828,10382.80757,1.731292064,1.911874048
2012,Q4,12,F,36496.59665,17854.9105,13947.51171,10432.8119,1.711418808,2.13482095
2013,Q1,1,A,31322.24974,18759.45677,14102.61711,10071.45093,1.862636963,2.100621366
2013,Q1,1,B,33523.33777,17654.58309,13776.87514,11252.28916,1.568977017,1.900942636
2013,Q1,1,C,34956.22785,18106.15257,13753.50914,10768.88639,1.681339361,1.833872469
2013,Q1,1,D,36106.97835,18366.05538,12308.03714,10029.99859,1.83111246,2.105975896
2013,Q1,1,E,34457.72121,18559.77402,13385.29109,11143.50673,1.665523651,2.246937486
2013,Q1,1,F,34959.51274,18433.62588,13752.90646,10376.79268,1.776428078,2.086644327
2013,Q1,2,A,35778.00363,20697.11035,15930.01147,11733.59086,1.763919554,2.344116987
2013,Q1,2,B,33512.3589,18318.82104,15155.99064,12049.38299,1.520311958,1.793745311
2013,Q1,2,C,34280.12013,18936.96733,14438.15032,10570.64774,1.79146707,2.27670406
2013,Q1,2,D,32789.88197,18934.47996,13830.29449,11593.91673,1.633139206,1.901904444
2013,Q1,2,E,37093.85589,19363.47095,13676.33862,10742.2658,1.802549975,1.956713403
2013,Q1,2,F,35590.7457,17409.53378,13722.06005,10190.34347,1.708434444,1.766611324
2013,Q1,3,A,43131.7175,20961.81883,16002.24049,11897.72342,1.761834437,2.238946318
2013,Q1,3,B,36660.42686,20856.88615,15245.04978,11249.06862,1.854098936,1.991169811
2013,Q1,3,C,37426.32743,20180.85179,15203.33806,12029.19807,1.677655623,2.020639872
2013,Q1,3,D,39298.63695,19373.5574,13677.93711,12212.07658,1.586426132,2.098991863
2013,Q1,3,E,35526.03341,21121.71551,16524.90337,11901.9797,1.774638845,2.161360823
2013,Q1,3,F,37928.20053,20162.95836,15122.1867,11721.17589,1.720216346,2.202509606
2013,Q2,4,A,38653.48856,20268.37071,14522.3184,11529.36473,1.7579781,2.032862214
2013,Q2,4,B,42106.68849,20650.22921,15622.02598,11997.79039,1.72116936,2.249797046
2013,Q2,4,C,38788.75088,21336.24221,15500.87901,12120.82605,1.760296049,2.13030131
2013,Q2,4,D,36470.28302,20521.49201,15208.51437,11783.68157,1.741517869,2.074616021
2013,Q2,4,E,35464.12205,18708.28697,15561.38711,12231.27832,1.529544704,2.05883749
2013,Q2,4,F,35388.05261,19425.07485,13718.37415,12250.00144,1.585720209,1.905138765
2013,Q2,5,A,36402.33164,18834.99048,16135.43942,11618.60663,1.62110579,1.943075918
2013,Q2,5,B,38741.41615,18298.20238,16037.91548,11863.08527,1.542448862,1.956199658
2013,Q2,5,C,37550.18581,19625.01651,14608.72583,11762.03254,1.668505545,2.336411657
2013,Q2,5,D,34929.10865,19620.49049,14258.43811,11081.27993,1.770597856,2.1540376
2013,Q2,5,E,36138.39164,21943.67736,14362.74662,10611.60255,2.067894765,2.186515584
2013,Q2,5,F,37127.27932,16670.47849,13871.76686,11077.20118,1.504935968,1.732562643
2013,Q2,6,A,36202.16269,19330.47052,14936.75491,11823.04772,1.634982026,2.110368875
2013,Q2,6,B,35536.16993,18115.66451,12762.24992,10427.10018,1.737363619,1.999517518
2013,Q2,6,C,34814.98497,16821.42215,14998.14738,10473.37,1.606113615,1.832013215
2013,Q2,6,D,34275.40352,19002.00324,12634.253,11084.06549,1.714353208,1.978624879
2013,Q2,6,E,36052.24544,18349.98953,14082.20833,10177.26318,1.803037733,1.982574225
2013,Q2,6,F,37013.71151,18460.00991,13470.34739,10355.36803,1.782651264,1.885511077
2013,Q3,7,A,36663.27722,17078.03807,13157.52408,9517.658216,1.794352947,1.999110192
2013,Q3,7,B,33442.41646,18278.45104,12021.41314,10522.72932,1.737044685,1.96720277
2013,Q3,7,C,36009.60047,16658.99781,13506.5686,10830.53597,1.538150823,1.849971985
2013,Q3,7,D,33521.64065,18026.35303,14191.54,10438.44759,1.726918958,2.132967214
2013,Q3,7,E,36080.99025,17126.32007,12754.90287,10201.91327,1.678736097,1.95574256
2013,Q3,7,F,33716.31653,17072.06891,12494.74932,10468.37272,1.630823563,1.941389258
2013,Q3,8,A,31767.20999,18192.35032,13290.28802,9634.04307,1.888340149,2.137928003
2013,Q3,8,B,30696.42254,17419.62812,11982.26139,10675.67782,1.631711674,2.070590404
2013,Q3,8,C,33735.23894,17963.81502,13582.09063,9411.342508,1.908740969,2.055628178
2013,Q3,8,D,32293.62041,16948.3944,12896.13475,9414.878648,1.800171307,2.009886716
2013,Q3,8,E,29902.78317,17599.72322,13208.18446,9623.093585,1.828904922,2.178205674
2013,Q3,8,F,32302.20066,17763.2751,12451.71747,10981.87111,1.617508976,2.013553557
2013,Q3,9,A,30640.77092,17531.04968,13629.07716,10735.43754,1.633007469,1.994433447
2013,Q3,9,B,31314.40555,18862.52737,14168.76663,9920.076745,1.901449742,2.150079509
2013,Q3,9,C,32764.52689,19538.15274,14414.54756,10382.30989,1.881869541,2.137479506
2013,Q3,9,D,33593.56309,18635.00936,13389.47939,9523.289251,1.956782879,2.031697749
2013,Q3,9,E,30490.62509,17162.74917,12065.42936,10180.07686,1.685915479,1.95649869
2013,Q3,9,F,32614.00492,15995.7532,14065.29453,10626.42408,1.505280899,1.941371621
2013,Q4,10,A,34901.26946,20515.32656,14958.87081,11558.33713,1.774937548,2.253155504
2013,Q4,10,B,33667.24823,18438.46034,13957.00614,10672.21237,1.727707406,1.880337975
2013,Q4,10,C,33135.02497,19160.80077,15164.68049,10990.41018,1.743410888,2.359833394
2013,Q4,10,D,37230.87136,19253.82586,14377.18096,11389.59938,1.690474371,2.08424206
2013,Q4,10,E,30991.66562,18478.75406,14723.23493,10203.48486,1.811023813,2.208730966
2013,Q4,10,F,33240.01311,19409.16972,14944.63824,9545.120566,2.033412736,2.135856623
2013,Q4,11,A,35280.2534,19291.20608,15171.22302,11370.23664,1.696640685,2.05789977
2013,Q4,11,B,35774.47732,20180.87609,15452.84296,9975.527701,2.02303845,2.205817314
2013,Q4,11,C,36519.14276,18663.98261,15169.76629,11638.96968,1.603576873,1.873452783
2013,Q4,11,D,33244.11626,19387.31392,13894.29738,10930.51014,1.773687931,2.140089692
2013,Q4,11,E,34048.43519,19689.25032,14541.96676,10759.86365,1.829879166,2.105411714
2013,Q4,11,F,32952.5976,19006.04867,14133.09803,10974.90395,1.731773577,2.211207187
2013,Q4,12,A,38033.11524,18306.57164,13454.42194,11722.49048,1.561662316,1.782211222
2013,Q4,12,B,37458.34788,19609.27112,15838.69796,12606.98128,1.555429542,2.050575412
2013,Q4,12,C,37083.53601,19242.46167,13373.48087,11068.39266,1.738505515,1.960366907
2013,Q4,12,D,37570.16624,20670.1659,14942.49046,11822.28957,1.748406328,2.131221288
2013,Q4,12,E,36394.59459,19752.72939,12739.22579,11422.61157,1.729265612,2.018103531
2013,Q4,12,F,38336.41655,18385.37224,14176.59612,11775.14518,1.561371173,1.820828847
2014,Q1,1,A,34820.52768,20044.45491,15100.05816,11159.97714,1.796101788,2.000997756
2014,Q1,1,B,34914.43482,18806.70401,14022.0973,11004.05242,1.709070739,2.019387296
2014,Q1,1,C,35335.13747,19356.59366,13439.67668,11678.926,1.657395009,2.198308857
2014,Q1,1,D,38557.7493,20162.12631,15094.91866,11648.57051,1.730867002,2.179865466
2014,Q1,1,E,34869.5524,20657.63272,15906.13393,11346.92252,1.820549377,2.230533478
2014,Q1,1,F,32701.71212,19431.68227,14267.71202,11129.99697,1.745883878,1.963499575
2014,Q1,2,A,40282.46129,20220.31897,15622.21186,12872.94213,1.570761273,2.054418836
2014,Q1,2,B,36569.14488,20696.39856,14587.70462,12533.21618,1.651323831,1.917605863
2014,Q1,2,C,37191.24102,22241.60743,15720.7948,11809.25701,1.883404469,2.451415877
2014,Q1,2,D,38798.43671,19196.12197,14189.56068,11270.97688,1.703146247,1.973961374
2014,Q1,2,E,35356.02995,19422.6038,15327.38405,12624.51161,1.538483579,1.906067585
2014,Q1,2,F,37028.32449,20869.23951,15273.75588,12026.35826,1.735291687,2.076891101
2014,Q1,3,A,43028.6943,21831.34651,15321.79951,11356.24077,1.922409621,2.015686752
2014,Q1,3,B,42206.20451,19510.50625,14492.04188,11850.69676,1.64635942,1.847083337
2014,Q1,3,C,39783.66038,21719.9461,16259.0394,12485.10833,1.739668213,2.051000103
2014,Q1,3,D,40122.09002,22653.00186,16045.3709,12386.60485,1.82883059,2.170730317
2014,Q1,3,E,38024.02583,19833.32534,15633.72235,12326.0195,1.609061656,1.893356572
2014,Q1,3,F,39026.04341,22499.36607,16278.21823,12829.34602,1.753742243,2.291668499
2014,Q2,4,A,39204.21865,21719.56972,15565.975,12910.71013,1.682290865,2.144261033
2014,Q2,4,B,41815.55394,21610.47808,15509.21786,13727.27401,1.57427309,1.894178149
2014,Q2,4,C,37042.26433,21478.78927,16312.7737,12760.19209,1.683265355,2.009350409
2014,Q2,4,D,39192.12202,19770.69401,16090.4294,12166.31235,1.625035873,1.882239364
2014,Q2,4,E,39475.34677,21503.80728,15822.49578,13313.79143,1.615152783,2.118594142
2014,Q2,4,F,41210.20424,22093.80851,15781.55107,12519.67838,1.764726524,1.962514848
2014,Q2,5,A,41488.67035,20384.14125,15380.33429,11784.75239,1.72970467,1.873877359
2014,Q2,5,B,42694.62226,19787.94689,15810.06671,13193.04523,1.499877135,1.745112507
2014,Q2,5,C,40979.75647,21101.57195,15380.74944,11140.77156,1.894085329,2.187096821
2014,Q2,5,D,37326.17804,19295.87929,16343.48347,11996.39705,1.608472878,1.915689575
2014,Q2,5,E,39344.87129,22014.84631,16347.43598,11905.094,1.849195505,2.240187676
2014,Q2,5,F,38990.13127,20624.47958,15773.9221,11409.12653,1.807717666,2.075153825
2014,Q2,6,A,37101.21156,19493.73514,14644.53145,12017.10558,1.622165588,2.040929486
2014,Q2,6,B,38293.76345,21157.1914,15505.6693,11989.16705,1.764692352,2.019099178
2014,Q2,6,C,38126.96907,18275.57389,15719.82854,12060.25583,1.515355407,1.80031163
2014,Q2,6,D,34600.10074,20322.40383,15624.8018,11772.59673,1.726246494,2.104026993
2014,Q2,6,E,41177.82909,20092.12173,15379.96511,11508.8826,1.74579257,2.075924069
2014,Q2,6,F,34806.2665,20906.26408,14303.4007,10652.37431,1.962591951,2.113360815
2014,Q3,7,A,38213.44271,20145.28917,14584.85123,12171.4422,1.655127539,2.047078636
2014,Q3,7,B,41230.30836,19277.16328,13838.26445,11041.56367,1.745872582,2.212460869
2014,Q3,7,C,34596.89054,18543.23918,15050.94866,12407.33666,1.494538246,1.897321648
2014,Q3,7,D,34595.6591,19091.36003,14360.73529,11149.07952,1.712370962,2.270257047
2014,Q3,7,E,38816.37629,20278.79415,14020.3674,11642.37613,1.741808881,2.287226992
2014,Q3,7,F,35811.21134,20041.884,13676.42266,10804.46668,1.854962822,2.000209726
2014,Q3,8,A,37424.48413,18105.96962,14690.98874,10380.37386,1.744250243,2.030494056
2014,Q3,8,B,32577.84345,18420.70453,13614.27426,10566.00545,1.743393435,2.007248246
2014,Q3,8,C,32837.54365,19538.01503,13033.90536,10374.35364,1.8832995,2.016616844
2014,Q3,8,D,34362.93041,19547.30028,13307.4293,10254.12859,1.906285854,2.013629153
2014,Q3,8,E,31150.43946,18438.53895,12454.50734,9605.11009,1.919659304,2.04380635
2014,Q3,8,F,30721.31421,16885.57826,12538.8658,9813.564532,1.720636595,1.966072282
2014,Q3,9,A,36402.59215,21297.51549,13343.88959,11062.08026,1.925272191,2.267396223
2014,Q3,9,B,33780.92782,18247.37982,14939.7789,10893.26161,1.675107096,1.931662219
2014,Q3,9,C,34978.37585,19453.5467,14873.81972,10623.33587,1.831208854,2.086898896
2014,Q3,9,D,32949.32302,17448.09168,14225.28873,11047.88108,1.579315668,1.797347183
2014,Q3,9,E,37090.00099,17645.83544,14732.19297,11081.29064,1.592398938,2.082278934
2014,Q3,9,F,36388.9777,20261.5674,13924.30108,10349.89305,1.957659591,2.191594341
2014,Q4,10,A,37026.75268,19896.76041,14893.73568,11909.57913,1.670651851,1.971838944
2014,Q4,10,B,37244.99692,21717.91506,15714.56465,12177.74619,1.78341006,2.04310837
2014,Q4,10,C,36438.12677,20164.01361,15936.85333,12373.37261,1.629629548,2.015150523
2014,Q4,10,D,39394.81911,19990.12158,14142.1902,12548.99241,1.592966266,2.080629786
2014,Q4,10,E,36089.89526,20921.84887,13165.3352,12188.57693,1.716512845,2.359132671
2014,Q4,10,F,37701.96694,21192.58856,14765.38209,11206.55566,1.891088503,2.188846646
2014,Q4,11,A,40770.06319,20815.49814,16060.83248,12187.50343,1.707937828,2.151551849
2014,Q4,11,B,38621.28016,20628.57841,17584.85421,11606.47696,1.777333335,1.969702314
2014,Q4,11,C,38472.92872,21689.4542,14516.77087,12585.62064,1.723351976,2.229418771
2014,Q4,11,D,39152.70545,19761.21391,15306.18754,11614.41582,1.701438473,1.963799598
2014,Q4,11,E,39890.43214,20268.69364,14966.47392,11669.49142,1.736896058,2.046673163
2014,Q4,11,F,40098.31003,20190.72894,16038.02837,12295.17695,1.642166601,2.108205619
2014,Q4,12,A,39845.11007,22398.08528,15616.10597,12019.35487,1.863501455,2.344759326
2014,Q4,12,B,42067.07177,20664.33762,16370.98211,12406.46188,1.665610858,1.664868353
2014,Q4,12,C,40572.4003,19539.54779,15439.79638,12152.52173,1.607859523,2.015334171
2014,Q4,12,D,39969.6265,22111.43664,16363.19941,12518.5285,1.766296785,2.211920346
2014,Q4,12,E,37584.65497,20655.95907,14658.48725,12246.49781,1.686682952,1.971498373
2014,Q4,12,F,38752.84324,18671.34167,15938.56858,12989.70562,1.437395289,1.920643998
2015,Q1,1,A,35450.015,20755.63002,15917.63185,12100.68711,1.715243923,1.843409202
2015,Q1,1,B,44912.72756,20840.02318,14966.24868,11862.83138,1.756749507,2.02062392
2015,Q1,1,C,41081.42987,21416.41334,14738.18019,12232.56619,1.75077028,2.012358301
2015,Q1,1,D,39359.57994,22489.36777,14826.73181,12503.13946,1.798697667,2.490648224
2015,Q1,1,E,39695.02306,20646.89425,14162.51302,12176.57437,1.695624207,2.300127194
2015,Q1,1,F,39609.70532,22073.89684,15595.21976,12067.93892,1.829135611,2.221906223
2015,Q1,2,A,43451.58644,20734.46593,15089.93668,13163.52529,1.575145372,1.885540024
2015,Q1,2,B,42752.64545,22386.11655,17572.13962,12680.62057,1.765380205,2.18588192
2015,Q1,2,C,43545.91355,19151.40905,16304.50501,12074.38728,1.586118501,1.821565786
2015,Q1,2,D,38514.18812,23806.05505,16859.97768,12488.2948,1.906269466,2.100525117
2015,Q1,2,E,41081.09944,22603.66446,15871.20706,12494.39021,1.809105053,2.038014228
2015,Q1,2,F,38577.88037,20381.70823,17651.57221,11805.46427,1.726463929,1.971141775
2015,Q1,3,A,42601.76031,25811.63037,17127.22643,11974.49892,2.155549934,2.169872929
2015,Q1,3,B,40414.77351,24634.297,16408.52621,13106.99267,1.879477437,2.06990779
2015,Q1,3,C,43244.84626,24465.90484,16746.98685,12842.90814,1.905012835,2.247178892
2015,Q1,3,D,37686.37389,23703.09559,15806.82149,12806.6371,1.850844637,2.383669732
2015,Q1,3,E,42483.99356,20945.91244,16651.38154,11449.8232,1.829365578,2.004205361
2015,Q1,3,F,45163.97725,20222.8455,16892.00749,13292.56621,1.521365038,1.709563306
2015,Q2,4,A,45081.87711,22674.89413,17570.76933,14215.02038,1.595136238,1.92795928
2015,Q2,4,B,40183.87482,22834.34196,17517.18962,13755.67258,1.659994583,1.982882808
2015,Q2,4,C,46805.15179,22682.8104,18739.36536,13179.6719,1.72104515,2.027398338
2015,Q2,4,D,46326.04255,21114.09565,17064.69372,14581.97763,1.447958308,1.873751754
2015,Q2,4,E,44810.73259,23540.84595,18946.84129,14101.03045,1.669441537,2.088674314
2015,Q2,4,F,38702.75182,22709.57408,16128.80439,12553.51842,1.809020652,2.07932345
2015,Q2,5,A,42465.84661,21650.06888,16420.29457,13286.93589,1.629425253,1.955499629
2015,Q2,5,B,44155.43952,23409.44502,17428.50638,12657.79339,1.849409633,2.163049199
2015,Q2,5,C,45737.75847,21802.06395,17964.03388,13432.50901,1.623082027,2.023925259
2015,Q2,5,D,41600.71607,21679.1626,16555.43321,14253.42204,1.520979491,2.049282524
2015,Q2,5,E,41062.11453,21153.75618,16972.16429,13693.51009,1.544801591,1.902994256
2015,Q2,5,F,41306.47202,24084.3723,16705.69343,12862.82344,1.872401686,2.272892034
2015,Q2,6,A,40036.75091,23220.05396,16233.60184,13477.73424,1.722845513,2.466156952
2015,Q2,6,B,40174.8321,21199.7115,15975.16865,13522.42873,1.567744369,1.904018305
2015,Q2,6,C,43125.85185,21961.99086,16038.14991,12701.2185,1.729124718,1.936082045
2015,Q2,6,D,40755.8132,21597.23152,15441.69528,13520.94559,1.597316651,2.083656166
2015,Q2,6,E,41909.47122,20547.97924,17116.30738,11859.23618,1.732656213,1.901885194
2015,Q2,6,F,38683.10743,21917.54118,15401.10343,11453.13449,1.91367186,2.139646749
2015,Q3,7,A,38979.71912,21491.12522,15315.22971,12727.4625,1.688563233,2.075221754
2015,Q3,7,B,38467.61382,20011.62693,15144.2253,11209.15034,1.785293828,1.892201536
2015,Q3,7,C,41421.82867,20479.14872,14807.86403,11172.16973,1.833050269,2.365842289
2015,Q3,7,D,40935.16885,21493.99805,16615.43249,11782.7126,1.82419777,2.073882973
2015,Q3,7,E,40188.76916,20099.37511,15011.47869,12093.72792,1.661966868,1.950987995
2015,Q3,7,F,36912.028,21773.8998,15041.56556,11386.09146,1.912324338,2.384398669
2015,Q3,8,A,37787.63334,19267.11649,14362.90742,11747.38871,1.64011909,1.995884437
2015,Q3,8,B,37624.13211,19833.27769,15107.81873,11133.02022,1.78148223,1.972174299
2015,Q3,8,C,35941.50149,20968.78409,14567.70427,11886.28259,1.764116234,2.133760362
2015,Q3,8,D,35874.48762,20218.60583,14477.43918,10918.63442,1.851752248,2.175427697
2015,Q3,8,E,33126.29508,19051.01613,14123.45792,10683.11527,1.783282838,2.037275357
2015,Q3,8,F,35905.34501,18792.19026,14758.07242,11262.18847,1.668609108,2.040346533
2015,Q3,9,A,38991.71977,19353.38833,14532.6528,12438.24286,1.55595839,1.897897473
2015,Q3,9,B,34015.81021,20919.96301,14387.77936,10924.68317,1.91492629,2.2112742
2015,Q3,9,C,38080.30371,20798.12524,15496.94512,11512.79838,1.806522146,2.122315759
2015,Q3,9,D,36149.6917,20584.55051,15500.53001,12088.28336,1.702851422,2.169979603
2015,Q3,9,E,36622.83389,18724.31824,15338.96746,10924.09961,1.714037671,1.918125819
2015,Q3,9,F,39215.84059,18214.41431,14580.29743,11012.34681,1.653999336,1.823247574
2015,Q4,10,A,37036.11028,22105.08754,16287.9389,12457.68153,1.774414243,2.03306484
2015,Q4,10,B,39264.46439,22965.44791,15600.41989,12048.05691,1.906153671,2.585070858
2015,Q4,10,C,36845.20576,22042.08461,17615.83274,12348.29515,1.785030593,2.127441466
2015,Q4,10,D,37604.41235,21644.85506,15406.35563,12634.54714,1.713148467,2.004632781
2015,Q4,10,E,39013.65146,23050.17459,15862.99598,11616.71869,1.98422422,2.566150757
2015,Q4,10,F,40453.84836,21624.31909,15014.06634,12141.6875,1.78099783,2.16884344
2015,Q4,11,A,40188.03151,22492.73966,15178.05772,13084.98883,1.718972783,1.944269011
2015,Q4,11,B,40844.45623,21951.34472,17043.01862,13449.94792,1.632076558,2.065815151
2015,Q4,11,C,40781.9918,21493.09371,15296.43323,12403.69667,1.73279743,2.240202346
2015,Q4,11,D,40097.59121,22449.55305,16468.92691,12636.57906,1.776553048,2.078722098
2015,Q4,11,E,40485.36666,22917.26691,15212.62621,13326.5857,1.719665293,2.091991075
2015,Q4,11,F,39083.6961,23113.86574,15441.25043,11776.49861,1.962711202,2.147106367
2015,Q4,12,A,41597.25806,21922.5796,16245.04283,12553.4748,1.746335573,2.088153346
2015,Q4,12,B,46783.21061,20865.8807,16560.37609,13845.93921,1.507003634,1.672447134
2015,Q4,12,C,41677.72972,22015.44092,16219.86108,13783.35468,1.59724838,1.902258176
2015,Q4,12,D,39172.85383,24646.10456,17319.88429,13112.71366,1.879557901,2.268814133
2015,Q4,12,E,40733.27102,22314.69833,17302.45064,13081.13458,1.705868722,2.155903022
2015,Q4,12,F,42115.01456,19050.16816,15095.8506,12891.99494,1.477674189,1.765600694
2016,Q1,1,A,38261.42144,22887.06626,16510.04434,12538.39459,1.825358589,1.973318003
2016,Q1,1,B,40439.08694,22639.17848,16623.08384,12766.40846,1.773339664,2.006731114
2016,Q1,1,C,44313.7595,23237.3307,16074.28193,12713.0988,1.827825856,2.098366139
2016,Q1,1,D,41710.33626,21942.50861,15832.57727,13302.2868,1.649529057,2.009215889
2016,Q1,1,E,39773.52242,21001.90381,17084.62468,13457.97192,1.560554884,1.870614851
2016,Q1,1,F,41356.37694,20932.924,16256.43825,13040.62359,1.60520882,1.868181329
2016,Q1,2,A,46215.50175,25060.11189,16563.65895,13682.60556,1.831530681,2.197969303
2016,Q1,2,B,46221.05107,22582.46893,16467.43284,14089.2433,1.602816309,1.81859256
2016,Q1,2,C,42512.14512,25097.89565,17892.1222,13316.9528,1.884657551,2.057932985
2016,Q1,2,D,40061.82421,22985.23218,16181.02031,13006.08247,1.767267909,1.986716334
2016,Q1,2,E,48813.54334,22724.70727,16598.98994,14024.15055,1.620398126,1.998195483
2016,Q1,2,F,44859.25881,22859.19699,17997.99243,14501.85878,1.576294276,2.099495423
2016,Q1,3,A,43454.79573,25651.03863,18632.70657,14404.23899,1.780797906,2.289944961
2016,Q1,3,B,46615.30038,25375.00622,16934.2087,14366.19226,1.766300058,2.207906115
2016,Q1,3,C,44468.77465,23710.65785,19643.36742,13001.10322,1.823741989,1.974768471
2016,Q1,3,D,46437.92849,24523.91156,19632.198,13457.30982,1.822348738,2.050288085
2016,Q1,3,E,42210.8403,23551.76143,18685.41399,13211.50299,1.782670862,1.930546429
2016,Q1,3,F,43736.62132,23936.43406,19644.42663,13666.44007,1.751475435,2.052750745
2016,Q2,4,A,46462.04479,26390.92517,19431.47486,14689.56118,1.796576823,2.063682227
2016,Q2,4,B,43867.31243,24842.69796,18852.4351,14774.67909,1.681437398,2.131496666
2016,Q2,4,C,49682.09471,24165.20679,19956.77019,14660.80721,1.64828624,2.028786852
2016,Q2,4,D,42973.2569,26092.94256,18999.61103,14305.94339,1.823923237,2.1009113
2016,Q2,4,E,46732.95249,24964.49679,17108.89805,13751.09628,1.815455021,1.996066035
2016,Q2,4,F,46382.09593,25374.85083,17731.10323,13272.24719,1.911872983,2.021918742
2016,Q2,5,A,44967.53066,22924.87848,18290.41966,14715.5492,1.557867679,1.974424678
2016,Q2,5,B,48973.67497,24328.53428,17763.28297,14003.47713,1.737320956,2.067298416
2016,Q2,5,C,48204.66635,24877.72498,17548.68022,15722.50865,1.582299971,2.133110894
2016,Q2,5,D,42957.14756,25350.04879,18113.00864,13578.95264,1.866863334,2.2125844
2016,Q2,5,E,43496.1222,22056.64631,16301.16071,13682.84439,1.611992776,1.927105506
2016,Q2,5,F,43983.75937,23477.90337,17437.34028,13466.61893,1.743414847,1.911163424
2016,Q2,6,A,45414.56987,24531.88558,17187.47415,13625.72053,1.800410152,2.175093802
2016,Q2,6,B,45387.23122,24198.88795,18316.5924,13305.77466,1.818675617,2.164016412
2016,Q2,6,C,41716.90221,23338.19298,17335.61064,13535.65779,1.724200873,2.052850835
2016,Q2,6,D,44237.80066,24967.11261,16754.82147,12664.03855,1.971496889,2.440494165
2016,Q2,6,E,43748.99434,21399.04072,17817.44208,13069.32929,1.637348042,1.752948236
2016,Q2,6,F,43068.70606,21168.5062,16786.49117,13766.81339,1.5376475,1.96090091
2016,Q3,7,A,46015.94229,21481.54597,17163.52759,11957.76789,1.796451158,2.021360571
2016,Q3,7,B,42145.36626,20030.69891,15897.47819,12561.22613,1.594645197,1.712636775
2016,Q3,7,C,45101.95641,22071.2495,17065.94239,12057.39263,1.830515948,2.235999587
2016,Q3,7,D,43538.67027,21873.789,16399.64785,12375.21478,1.767548232,1.957933545
2016,Q3,7,E,39143.6121,23537.92876,15540.26445,12674.79879,1.857065279,2.082302992
2016,Q3,7,F,42851.27578,20582.38697,17159.21026,10622.48003,1.937625386,1.898269734
2016,Q3,8,A,39461.24739,21184.05078,15615.71077,12390.75191,1.709666284,2.113530717
2016,Q3,8,B,38251.89172,20503.44999,16963.30586,12293.46119,1.667833792,2.009210192
2016,Q3,8,C,39984.13908,20603.59549,16467.38483,11142.98913,1.84901872,2.09005242
2016,Q3,8,D,41051.19203,19059.12922,14971.5122,12502.27606,1.524452759,1.767183158
2016,Q3,8,E,38998.75959,21987.76265,14700.0616,12203.33106,1.801783673,2.10985905
2016,Q3,8,F,40065.67114,20733.06864,16446.13669,11736.78559,1.766503143,1.937981866
2016,Q3,9,A,41423.09894,21866.93415,16369.7482,12313.76046,1.775812857,2.029106385
2016,Q3,9,B,39238.82739,21451.0685,17870.44716,12019.4268,1.784699792,1.933001624
2016,Q3,9,C,39686.75956,20063.23543,16882.58886,12047.37459,1.665361633,1.982225218
2016,Q3,9,D,40125.84028,21423.31476,14846.44725,12319.57807,1.738964974,2.059532533
2016,Q3,9,E,39841.93439,21069.50596,15033.23011,12054.79862,1.747810695,2.066564842
2016,Q3,9,F,43884.12564,20188.07191,16109.24378,11346.26644,1.779270037,2.020571986
2016,Q4,10,A,47464.15354,22082.2814,17600.87026,13772.99002,1.603303376,1.875508395
2016,Q4,10,B,45298.87017,23218.9687,19591.81819,13492.98877,1.720817315,2.159541535
2016,Q4,10,C,45645.32518,21767.17376,17138.42478,12618.43106,1.725030129,1.950699706
2016,Q4,10,D,42389.12668,21902.95045,17512.72575,13069.56098,1.675874995,1.929497424
2016,Q4,10,E,44094.60648,21594.48619,17653.73887,12588.42675,1.715423748,1.92101274
2016,Q4,10,F,40110.75312,19943.87942,17181.83791,12799.7799,1.558142372,1.857205126
2016,Q4,11,A,46277.81492,22823.83017,17772.11584,14358.90488,1.589524435,1.917981805
2016,Q4,11,B,43601.78194,23020.76007,17505.68568,13403.2089,1.717555866,1.911669141
2016,Q4,11,C,45123.09501,24885.91265,17063.68927,14453.88013,1.721746163,2.128911207
2016,Q4,11,D,41908.66007,24707.78854,18823.42656,13795.91768,1.790949258,2.20365779
2016,Q4,11,E,46065.94889,23353.67191,16723.99348,12902.64506,1.809991037,1.95319037
2016,Q4,11,F,41113.04804,23500.689,16487.66838,13789.70266,1.704220141,1.941800559
2016,Q4,12,A,46924.76799,24770.81653,19537.23695,13952.72552,1.775338911,2.17257387
2016,Q4,12,B,44474.84811,23866.28888,18155.02711,14793.2888,1.613318662,2.088228328
2016,Q4,12,C,41161.23097,24495.11439,18441.45941,12843.25837,1.907235196,1.797624373
2016,Q4,12,D,45921.0453,27535.0787,17621.1055,14311.12597,1.924033005,2.158856659
2016,Q4,12,E,50582.21483,23941.54255,17232.51843,14335.77025,1.670056239,2.242931188
2016,Q4,12,F,43956.75567,22763.82781,18380.18122,12395.83632,1.836409197,1.940165683
